{"cameraMode":{"drawMode":0,"name":"Shaded","section":"Shading Mode"},"sceneLighting":true,"audioPlay":false,"sceneViewState":{"m_AlwaysRefresh":false,"showFog":true,"showSkybox":true,"showFlares":true,"showImageEffects":true,"showParticleSystems":true,"showVisualEffectGraphs":true,"m_FxEnabled":true},"in2DMode":false,"pivot":{"x":-18.707910537719728,"y":13.354721069335938,"z":-26.805444717407228},"rotation":{"x":0.25915518403053286,"y":0.34993690252304079,"z":-0.10140103101730347,"w":0.894525408744812},"size":1.293563723564148,"orthographic":true}