{"cameraMode":{"drawMode":0,"name":"Shaded","section":"Shading Mode"},"sceneLighting":true,"audioPlay":false,"sceneViewState":{"m_AlwaysRefresh":false,"showFog":true,"showSkybox":true,"showFlares":true,"showImageEffects":true,"showParticleSystems":true,"showVisualEffectGraphs":true,"m_FxEnabled":true},"in2DMode":false,"pivot":{"x":0.9792239665985107,"y":4.094452381134033,"z":1.1591355800628663},"rotation":{"x":0.30118271708488467,"y":0.30718281865119936,"z":-0.10316254943609238,"w":0.8968173861503601},"size":9.824556350708008,"orthographic":true}