{"cameraMode":{"drawMode":0,"name":"Shaded","section":"Shading Mode"},"sceneLighting":true,"audioPlay":false,"sceneViewState":{"m_AlwaysRefresh":false,"showFog":true,"showSkybox":true,"showFlares":true,"showImageEffects":true,"showParticleSystems":true,"showVisualEffectGraphs":true,"m_FxEnabled":true},"in2DMode":false,"pivot":{"x":-0.8458523750305176,"y":1.9138407707214356,"z":1.0949249267578126},"rotation":{"x":0.2792903482913971,"y":0.27989187836647036,"z":-0.08547729253768921,"w":0.9145228266716003},"size":6.660398483276367,"orthographic":false}