{"cameraMode":{"drawMode":0,"name":"Shaded","section":"Shading Mode"},"sceneLighting":true,"audioPlay":false,"sceneViewState":{"m_AlwaysRefresh":false,"showFog":true,"showSkybox":true,"showFlares":true,"showImageEffects":true,"showParticleSystems":true,"showVisualEffectGraphs":true,"m_FxEnabled":true},"in2DMode":false,"pivot":{"x":-23.45838165283203,"y":15.966897010803223,"z":-24.17522430419922},"rotation":{"x":0.21053776144981385,"y":0.36886876821517947,"z":-0.08617380261421204,"w":0.9012131690979004},"size":10.256850242614746,"orthographic":true}