{"cameraMode":{"drawMode":0,"name":"Shaded","section":"Shading Mode"},"sceneLighting":true,"audioPlay":false,"sceneViewState":{"m_AlwaysRefresh":false,"showFog":true,"showSkybox":true,"showFlares":true,"showImageEffects":true,"showParticleSystems":true,"showVisualEffectGraphs":true,"m_FxEnabled":true},"in2DMode":false,"pivot":{"x":-1.6398777961730958,"y":1.3606574535369874,"z":-4.626417636871338},"rotation":{"x":0.5096251368522644,"y":0.019355593249201776,"z":-0.011468479409813881,"w":0.8601034879684448},"size":4.78316068649292,"orthographic":false}