{"cameraMode":{"drawMode":0,"name":"Shaded","section":"Shading Mode"},"sceneLighting":true,"audioPlay":false,"sceneViewState":{"m_AlwaysRefresh":false,"showFog":true,"showSkybox":true,"showFlares":true,"showImageEffects":true,"showParticleSystems":true,"showVisualEffectGraphs":true,"m_FxEnabled":true},"in2DMode":false,"pivot":{"x":-23.483627319335939,"y":11.407913208007813,"z":-23.493629455566408},"rotation":{"x":0.19545258581638337,"y":0.3567436933517456,"z":-0.07659662514925003,"w":0.9103042483329773},"size":7.960461616516113,"orthographic":true}