{"cameraMode":{"drawMode":0,"name":"Shaded","section":"Shading Mode"},"sceneLighting":true,"audioPlay":false,"sceneViewState":{"m_AlwaysRefresh":false,"showFog":true,"showSkybox":true,"showFlares":true,"showImageEffects":true,"showParticleSystems":true,"showVisualEffectGraphs":true,"m_FxEnabled":true},"in2DMode":false,"pivot":{"x":-24.467025756835939,"y":11.818429946899414,"z":-22.290714263916017},"rotation":{"x":0.2182336151599884,"y":0.3721177279949188,"z":-0.09047184884548187,"w":0.8976094722747803},"size":11.138479232788086,"orthographic":true}