{"cameraMode":{"drawMode":0,"name":"Shaded","section":"Shading Mode"},"sceneLighting":true,"audioPlay":false,"sceneViewState":{"m_AlwaysRefresh":false,"showFog":true,"showSkybox":true,"showFlares":true,"showImageEffects":true,"showParticleSystems":true,"showVisualEffectGraphs":true,"m_FxEnabled":true},"in2DMode":false,"pivot":{"x":-26.457111358642579,"y":4.878875255584717,"z":-24.96864128112793},"rotation":{"x":0.25915518403053286,"y":0.34993690252304079,"z":-0.10140103101730347,"w":0.894525408744812},"size":10.359613418579102,"orthographic":true}