{"cameraMode":{"drawMode":0,"name":"Shaded","section":"Shading Mode"},"sceneLighting":false,"audioPlay":false,"sceneViewState":{"m_AlwaysRefresh":false,"showFog":true,"showSkybox":false,"showFlares":true,"showImageEffects":true,"showParticleSystems":true,"showVisualEffectGraphs":true,"m_FxEnabled":true},"in2DMode":false,"pivot":{"x":0.2744368314743042,"y":0.29670804738998415,"z":-0.5272032022476196},"rotation":{"x":0.4325146973133087,"y":0.2585061192512512,"z":-0.13095404207706452,"w":0.8537905216217041},"size":1.2825907468795777,"orthographic":false}