{"cameraMode":{"drawMode":0,"name":"Shaded","section":"Shading Mode"},"sceneLighting":false,"audioPlay":false,"sceneViewState":{"m_AlwaysRefresh":false,"showFog":true,"showSkybox":false,"showFlares":true,"showImageEffects":true,"showParticleSystems":true,"showVisualEffectGraphs":true,"m_FxEnabled":true},"in2DMode":false,"pivot":{"x":0.22394433617591859,"y":1.7603384256362916,"z":-1.4004342555999756},"rotation":{"x":0.0629558190703392,"y":-0.00898202694952488,"z":0.0005666178767569363,"w":0.9979760646820068},"size":1.5191668272018433,"orthographic":false}