{"cameraMode":{"drawMode":0,"name":"Shaded","section":"Shading Mode"},"sceneLighting":false,"audioPlay":false,"sceneViewState":{"m_AlwaysRefresh":false,"showFog":true,"showSkybox":false,"showFlares":true,"showImageEffects":true,"showParticleSystems":true,"showVisualEffectGraphs":true,"m_FxEnabled":true},"in2DMode":false,"pivot":{"x":0.6399951577186585,"y":2.2930188179016115,"z":3.093578815460205},"rotation":{"x":0.4402126669883728,"y":0.09131137281656265,"z":-0.045058008283376697,"w":0.8921023607254028},"size":2.596372604370117,"orthographic":false}