{"cameraMode":{"drawMode":0,"name":"Shaded","section":"Shading Mode"},"sceneLighting":false,"audioPlay":false,"sceneViewState":{"m_AlwaysRefresh":false,"showFog":true,"showSkybox":false,"showFlares":true,"showImageEffects":true,"showParticleSystems":true,"showVisualEffectGraphs":true,"m_FxEnabled":true},"in2DMode":false,"pivot":{"x":-1.4942935705184937,"y":-0.5994490385055542,"z":-1.6176034212112427},"rotation":{"x":0.4402126669883728,"y":0.09131137281656265,"z":-0.045058008283376697,"w":0.8921023607254028},"size":0.8042250871658325,"orthographic":false}